Title,Category,Item code,Banner data,Main link,Body links,Sats received by comments,Comments item code
All you wanted to know about Plonk,link,173044,"{'sats': None, 'boost': None, 'comments': '0 comments', 'author': 'cinthia', 'tag': 'bitcoin', 'timestamp': '2023-05-02 20:00:56'}",,['https://www.notamonadtutorial.com/all-you-wanted-to-know-about-plonk/'],,[]
@lada's bio,discussion,22147,"{'sats': '0 sats', 'boost': None, 'comments': '2 comments', 'author': 'lada', 'tag': 'bitcoin', 'timestamp': '2022-04-22 20:57:53'}",,[],0 sats,"[113273, 22195]"
What Is Entropy And How Do I Get More Of It?,link,5071,"{'sats': '2 sats', 'boost': None, 'comments': '0 comments', 'author': 'BlueMoon', 'tag': 'bitcoin', 'timestamp': '2021-11-17 04:52:46'}",,['https://hackaday.com/2017/11/02/what-is-entropy-and-how-do-i-get-more-of-it/'],,[]
"All Your BTC Models Are Destroyed with Pysh, Lavish, Leclair & Callahan📺",link,101263,"{'sats': None, 'boost': None, 'comments': '0 comments', 'author': 'User21000000', 'tag': 'bitcoin', 'timestamp': '2022-12-01 20:02:43'}",,['https://youtu.be/q0AFaCrCb4w'],,[]
SEC Cracks Down on Major Crypto Firm,link,134853,"{'sats': '10 sats', 'boost': None, 'comments': '1 comment', 'author': 'Undisciplined', 'tag': 'bitcoin', 'timestamp': '2023-02-11 16:14:32'}",,['https://www.ntd.com/sec-cracks-down-on-major-crypto-firm_900665.html'],1 sat,[134871]
"Meme Monday - Best Bitcoin Meme Gets 10,000 Sats",bounty,144655,"{'sats': '1074 sats', 'boost': None, 'comments': '44 comments', 'author': 'sn', 'tag': 'bitcoin', 'timestamp': '2023-02-27 13:30:48'}",,[],21.6k sats,"[144679, 144735, 144875, 144745, 144897, 144704, 144873, 144702, 144858, 144749, 144662, 144705, 144666, 144688, 144670, 144726, 144737, 144753, 144722, 144800, 144883, 144960, 144857, 144856, 144808, 144665, 144697, 144787, 144765, 144799, 144852, 144841, 144998, 144689, 144756, 144686, 144724, 144691, 144719, 144669, 144757, 144742, 144961, 144999]"
Oil and Gas! Ep564 of Bitcoin And . . . ,link,16854,"{'sats': '5 sats', 'boost': None, 'comments': '0 comments', 'author': 'Bennd77', 'tag': 'bitcoin', 'timestamp': '2022-03-29 15:03:29'}",,['https://soundcloud.com/bitcoin-and/oil-and-gas-ep564'],,[]
Good weekly Bitcoin news roundup?,discussion,162216,"{'sats': '0 sats', 'boost': None, 'comments': '4 comments', 'author': 'n3po', 'tag': 'bitcoin', 'timestamp': '2023-04-08 13:08:20'}",,"['/FanisMichalakis', 'https://stacker.news/items/162164', 'https://www.stacksats.how/newsletter?utm_source=convertkit&utm_medium=email&utm_campaign=Stack+Sats+%2331%20-%2010483387']",40 sats,"[162218, 162219, 162250, 162254]"
Paid #Bitcoin Internships,link,137034,"{'sats': '81 sats', 'boost': None, 'comments': '0 comments', 'author': 'nostr', 'tag': 'bitcoin', 'timestamp': '2023-02-15 19:04:59'}",,['https://www.saylor.org/2023/02/saylor-academy-summer-of-bitcoin-partner-to-encourage-students-into-open-source-careers/'],,[]
Nostr Metadata,link,127029,"{'sats': '77 sats', 'boost': None, 'comments': '0 comments', 'author': 'edblock', 'tag': 'nostr', 'timestamp': '2023-01-26 15:16:08'}",,['https://metadata.nostr.com/'],,[]
Would You Ditch All This Chaos for a Country in the Cloud?,link,66832,"{'sats': '101 sats', 'boost': None, 'comments': '2 comments', 'author': 'satup', 'tag': 'bitcoin', 'timestamp': '2022-09-06 10:18:59'}",,['https://www.wired.com/story/would-you-ditch-all-this-chaos-for-a-country-in-the-cloud/'],6 sats,"[66845, 66843]"
Threw It On The Ground,link,167779,"{'sats': '0 sats', 'boost': None, 'comments': '0 comments', 'author': 'ekzyis', 'tag': 'bitcoin', 'timestamp': '2023-04-21 13:54:26'}",,['https://www.youtube.com/watch?v=gAYL5H46QnQ'],,[]
@h3zjp's bio,discussion,161135,"{'sats': '68 sats', 'boost': None, 'comments': '5 comments', 'author': 'h3zjp', 'tag': 'bitcoin', 'timestamp': '2023-04-05 15:15:56'}",,"['https://h3z.jp/', 'https://conoha-nostr.h3z.jp/', 'https://nostr.directory/p/npub1zpq2gsz25wsgun2e4gtks9p63j7fvyfd46weyjzp5tv6yys89zcsjdflcv', 'https://nosta.me/1040a4404aa3a08e4d59aa1768143a8cbc96112dae9d924841a2d9a2120728b1', 'https://badges.page/p/1040a4404aa3a08e4d59aa1768143a8cbc96112dae9d924841a2d9a2120728b1', 'https://notabot.net/profile/1040a4404aa3a08e4d59aa1768143a8cbc96112dae9d924841a2d9a2120728b1']",0 sats,"[217976, 161597, 161523, 161225, 161179]"
21 ways to get incoming capacity for your Bitcoin Lightning Network node,link,95700,"{'sats': '65 sats', 'boost': None, 'comments': '4 comments', 'author': 'cryptocoin', 'tag': 'bitcoin', 'timestamp': '2022-11-18 06:41:39'}",,"['https://lightningnetwork.plus/posts/234', 'https://stacker.news/items/65378', 'https://stacker.news/items/50564', 'https://www.youtube.com/watch?v=WWs1D9LLcpc', 'https://www.youtube.com/watch?v=kbhL5RqL8Aw']",0 sats,"[95701, 95718, 95713, 95715]"
Those your significant others Know how much Bitcoin you have?,discussion,135309,"{'sats': '0 sats', 'boost': None, 'comments': '1 comment', 'author': 'ugochukwubreakthrough1', 'tag': 'bitcoin', 'timestamp': '2023-02-12 17:39:45'}",,[],0 sats,[135325]
Chinese police arrest 63 people accused of laundering $1.7 billion via tether,link,106186,"{'sats': None, 'boost': None, 'comments': '0 comments', 'author': 'lpop4254', 'tag': 'bitcoin', 'timestamp': '2022-12-13 00:25:47'}",,['https://markets.businessinsider.com/news/currencies/cryptocurrency-china-police-arrest-money-laundering-tether-investigation-crime-gang-2022-12'],,[]
r/Bitcoin - Mexico being lined up as next nation for full Bitcoin adoption,link,13408,"{'sats': '57 sats', 'boost': '3 boost', 'comments': '0 comments', 'author': 'lanin99943', 'tag': 'bitcoin', 'timestamp': '2022-03-04 06:28:21'}",,['https://www.reddit.com/r/Bitcoin/comments/t5ztix/mexico_being_lined_up_as_next_nation_for_full/?utm_source=share&utm_medium=web2x&context=3'],,[]
The Mempool Open Source Project v2.4.0 release,link,35409,"{'sats': '0 sats', 'boost': None, 'comments': '1 comment', 'author': 'k00b', 'tag': 'bitcoin', 'timestamp': '2022-06-09 22:12:55'}",,['https://github.com/mempool/mempool/releases/tag/v2.4.0'],0 sats,[35410]
@grayruby's bio,discussion,88988,"{'sats': '178 sats', 'boost': None, 'comments': '3 comments', 'author': 'grayruby', 'tag': 'bitcoin', 'timestamp': '2022-11-03 16:56:16'}",,[],135 sats,"[89003, 89994, 111854]"
Is Bitcoin Private Enough To Maintain Our Financial Freedom?,link,69152,"{'sats': '26 sats', 'boost': None, 'comments': '0 comments', 'author': 'varskedoo', 'tag': 'bitcoin', 'timestamp': '2022-09-13 00:20:58'}",,['https://bitcoinmagazine.com/technical/is-bitcoin-private-enough-for-freedom'],,[]
"The sky is falling, and other bedtime stories",link,144465,"{'sats': '3 sats', 'boost': None, 'comments': '2 comments', 'author': 'InsanelyFree', 'tag': 'bitcoin', 'timestamp': '2023-02-27 02:13:13'}",,['https://insanelyfree.substack.com/p/the-sky-is-falling-and-other-bedtime'],0 sats,"[144478, 144502]"
"🗺 The smallest possible circles containing 25%, 50% and 75% of the world's population",discussion,37550,"{'sats': '0 sats', 'boost': None, 'comments': '1 comment', 'author': 'cointastical', 'tag': 'bitcoin', 'timestamp': '2022-06-20 10:25:38'}",,"['https://i.postimg.cc/fbpJ4mqV/h6ul7l2co8591.png', 'https://www.reddit.com/r/dataisbeautiful/comments/vaszmp', 'https://www.reddit.com/r/dataisbeautiful/comments/vc77av']",0 sats,[37551]
Bitcoin and Energy Markets w/ Jeff Booth 📺,link,88309,"{'sats': '100 sats', 'boost': None, 'comments': '0 comments', 'author': 'User21000000', 'tag': 'bitcoin', 'timestamp': '2022-11-01 22:31:10'}",,['https://youtu.be/XfEt49XCHDE'],,[]
"The Kevin Rooke Show - E100: Oscar Merry on Fountain's Evolution, Nostr, Value 4",link,152370,"{'sats': '363 sats', 'boost': None, 'comments': '2 comments', 'author': 'TNStacker', 'tag': 'nostr', 'timestamp': '2023-03-15 10:31:31'}",,['https://fountain.fm/episode/14076828393'],0 sats,"[152770, 152965]"
Cathie Wood's Ark Invest Offloads Over 1.4M Coinbase Shares as COIN Price Falls,link,50220,"{'sats': '82 sats', 'boost': None, 'comments': '1 comment', 'author': 'cryptocoin', 'tag': 'bitcoin', 'timestamp': '2022-07-27 11:01:54'}",,"['https://www.coindesk.com/markets/2022/07/27/cathie-woods-ark-invest-offloads-over-14m-coinbase-shares-as-coin-price-falls/', 'https://twitter.com/unusual_whales/status/1552085054653730816', 'https://nitter.it/unusual_whales/status/1552085054653730816']",0 sats,[50222]
Technicals hint Bitcoin bull market could kick off in April 2023,link,83691,"{'sats': '0 sats', 'boost': None, 'comments': '0 comments', 'author': 'User21000000', 'tag': 'bitcoin', 'timestamp': '2022-10-20 09:39:28'}",,['https://finbold.com/technicals-hint-bitcoin-bull-market-could-kick-off-in-april-2023/'],,[]
Bitcoin Whitepaper On BitcoinNews.com,link,87598,"{'sats': None, 'boost': None, 'comments': '0 comments', 'author': 'BitcoinNewsCom', 'tag': 'bitcoin', 'timestamp': '2022-10-31 11:14:36'}",,['https://bitcoinnews.com/whitepaper/'],,[]
Mastercard has a Whale pass at Bitcoin Miami,link,18873,"{'sats': '25 sats', 'boost': None, 'comments': '1 comment', 'author': 'uco', 'tag': 'bitcoin', 'timestamp': '2022-04-08 18:43:16'}",,['https://twitter.com/ucontroltvnow/status/1512500937461571600?s=21&t=tHWBL23ztpAXSFlFbs0vjQ'],1 sat,[18876]
Bitcoin Ekasi - Bitcoin Explanation Video - South Africa,link,30330,"{'sats': '26 sats', 'boost': None, 'comments': '1 comment', 'author': 'shyfire', 'tag': 'bitcoin', 'timestamp': '2022-05-21 12:53:45'}",,"['https://www.youtube.com/watch?v=BNLaswIN2hw&feature=youtu.be', 'https://twitter.com/the_surfer_kids', 'https://www.thesurferkids.com/donate', 'https://twitter.com/BitcoinEkasi', 'https://twitter.com/vryfokkenou']",30 sats,[30348]
"Stacks trending, what are your thoughts?",discussion,142811,"{'sats': '210 sats', 'boost': None, 'comments': '10 comments', 'author': 'Oxjogir', 'tag': 'bitcoin', 'timestamp': '2023-02-24 01:41:29'}",,"['https://gamma.io/ordinals', 'https://ordinalsbot.com/', 'https://www.xverse.app/']",0 sats,"[142818, 142831, 143353, 143356, 143361, 143365, 142830, 143355, 142869, 142860]"
"Billionaire Tim Draper Says One Catalyst Will Trigger 1,400% BTC Price Explosion",link,96084,"{'sats': '41 sats', 'boost': None, 'comments': '5 comments', 'author': 'indonesia', 'tag': 'bitcoin', 'timestamp': '2022-11-19 08:51:38'}",,['https://dailyhodl.com/2022/11/19/billionaire-tim-draper-names-one-catalyst-that-will-send-bitcoin-btc-exploding-by-over-1400/'],1 sat,"[96119, 96162, 96174, 96258, 96104]"
Why the End of the Petrodollar Spells Trouble for the US Regime | Ryan McMaken,link,129268,"{'sats': '58 sats', 'boost': None, 'comments': '2 comments', 'author': 'Undisciplined', 'tag': 'bitcoin', 'timestamp': '2023-01-31 23:17:21'}",,"['https://mises.org/wire/why-end-petrodollar-spells-trouble-us-regime', 'https://www.zerohedge.com/geopolitical/why-end-petrodollar-spells-trouble-us-regime']",10 sats,"[129278, 130326]"
UMC founder plans to buy 1 million attack drones,link,72366,"{'sats': '101 sats', 'boost': None, 'comments': '1 comment', 'author': 'satup', 'tag': 'bitcoin', 'timestamp': '2022-09-21 10:38:40'}",,['https://www.taiwannews.com.tw/en/news/4664184'],3 sats,[72375]
How to mine anonymously on NiceHash?,link,112085,"{'sats': '0 sats', 'boost': None, 'comments': '0 comments', 'author': 'faithandcredit', 'tag': 'bitcoin', 'timestamp': '2022-12-25 11:53:24'}",,['https://www.nicehash.com/blog/post/how-to-mine-anonymously-on-nicehash'],,[]
What do you think about these .sats domains?,discussion,186599,"{'sats': '5 sats', 'boost': None, 'comments': '2 comments', 'author': '03374a589e', 'tag': 'bitcoin', 'timestamp': '2023-06-01 02:20:19'}",,[],108 sats,"[186601, 186634]"
Crypto is not related reports Reuters on Infrastructure bill ,link,842,"{'sats': '4 sats', 'boost': None, 'comments': '1 comment', 'author': 'notgeld', 'tag': 'bitcoin', 'timestamp': '2021-08-09 11:38:06'}",,['https://www.youtube.com/watch?v=FiKSZCNv3Vo'],0 sats,[848]
“Dose monkey”,discussion,114766,"{'sats': '0 sats', 'boost': None, 'comments': '1 comment', 'author': 'av', 'tag': 'bitcoin', 'timestamp': '2022-12-29 18:48:07'}",,[],0 sats,[114786]
Here’s how much Elon Musk has pumped Dogecoin this year,link,88233,"{'sats': None, 'boost': None, 'comments': '0 comments', 'author': 'rujgev', 'tag': 'bitcoin', 'timestamp': '2022-11-01 19:00:39'}",,['https://protos.com/heres-how-much-elon-musk-has-pumped-dogecoin-doge-this-year/'],,[]
A Constant in a World of Uncertainty,link,42248,"{'sats': '100 sats', 'boost': None, 'comments': '0 comments', 'author': 'CypherPoet', 'tag': 'bitcoin', 'timestamp': '2022-07-07 14:18:23'}",,['https://wakeupwithbitcoin.substack.com/p/wwb-a-constant-in-a-world-of-uncertainty'],,[]
Deeper Down The Rabbit Hole — Citadel21,link,69488,"{'sats': '111 sats', 'boost': None, 'comments': '0 comments', 'author': 'sgmoore', 'tag': 'bitcoin', 'timestamp': '2022-09-13 17:48:16'}",,['https://www.citadel21.com/deeper-down-the-rabbit-hole'],,[]
"What will hyperbitcoinization look like?  Like this, but in reverse",discussion,124993,"{'sats': '165 sats', 'boost': None, 'comments': '2 comments', 'author': 'cryptocoin', 'tag': 'bitcoin', 'timestamp': '2023-01-21 07:06:34'}",,"['https://twitter.com/Chris_Mischler/status/1616534090227875849', 'https://nitter.at/Chris_Mischler/status/1616534090227875849']",51 sats,"[125000, 125105]"
Publicly-Listed Bitcoin Miner Argo Blockchain Suspends Nasdaq Trading,link,113919,"{'sats': '110 sats', 'boost': None, 'comments': '0 comments', 'author': 'ama', 'tag': 'bitcoin', 'timestamp': '2022-12-27 23:34:44'}",,['https://news.bitcoin.com/publicly-listed-bitcoin-miner-argo-blockchain-suspends-nasdaq-trading/'],,[]
"300+ NFTs Stolen, $400K in Ethereum Taken In Premint Hack - Decrypt",link,46760,"{'sats': '0 sats', 'boost': None, 'comments': '2 comments', 'author': 'mlee880507', 'tag': 'bitcoin', 'timestamp': '2022-07-19 01:52:51'}",,['https://decrypt.co/105385/300-nfts-stolen-400k-in-ethereum-taken-in-premint-hack'],0 sats,"[46808, 46764]"
What apps do you like to see on the Umbrel Community App Store,discussion,88409,"{'sats': '277 sats', 'boost': None, 'comments': '5 comments', 'author': '02c142fbe9', 'tag': 'bitcoin', 'timestamp': '2022-11-02 05:11:28'}",,"['https://github.com/getumbrel/umbrel-community-app-store', 'https://bisq-network.github.io/slate/#introduction', 'https://hodlhodl.com/api/docs', 'https://yadio.io/market.html']",36 sats,"[88420, 88482, 88425, 88478, 198229]"
A Poem About Bitcoin Innovation.,discussion,178033,"{'sats': '10 sats', 'boost': None, 'comments': '1 comment', 'author': 'scottathan', 'tag': 'bitcoin', 'timestamp': '2023-05-13 15:26:59'}",,[],0 sats,[178035]
Oil Giant Shell To Bring Solutions For Bitcoin Mining,link,95016,"{'sats': '4 sats', 'boost': None, 'comments': '0 comments', 'author': 'HODL', 'tag': 'bitcoin', 'timestamp': '2022-11-16 20:51:51'}",,['https://crypto-academy.org/shell-to-bring-solutions-to-bitcoin-mining/?amp=1'],,[]
"We Can Build Our Own Future. Fedi Gives Us The Tools. - May 3, 2023",link,175388,"{'sats': '115 sats', 'boost': None, 'comments': '2 comments', 'author': 'TheWildHustle', 'tag': 'bitcoin', 'timestamp': '2023-05-07 23:28:16'}",,['https://www.fedi.xyz/blog/we-can-build-our-own-future-fedi-gives-us-the-tools'],0 sats,"[175470, 175418]"
Noise mitigation for bitcoin mining with BINGBONG | #PlebMinerMonth 🎧,link,74427,"{'sats': '68 sats', 'boost': None, 'comments': '2 comments', 'author': 'BTCMiner', 'tag': 'bitcoin', 'timestamp': '2022-09-27 17:08:14'}",,"['https://www.youtube.com/watch?v=vdyUj67Z8iY', 'https://Twitter.com/bingbong_BTC', 'https://ungovernablemisfits.com/podcast/noise-mitigation-for-bitcoin-mining', 'https://bit-buy-bit.libsyn.com/noise-mitigation-for-bitcoin-mining-with-bingbong', 'https://stacker.news/MaxBitbuybit', 'https://stacker.news/bitbuybitpod', 'https://ungovernablemisfits.com/', 'https://fountain.fm/show/sbfNnARG7zj3nL6Xfill']",30 sats,"[74571, 78876]"
From a Small Bitcoin Meetup to Indonesia's Largest Conference with Dea Rezkitha,link,177465,"{'sats': '0 sats', 'boost': None, 'comments': '0 comments', 'author': 'LoveIsBitcoin', 'tag': 'bitcoin', 'timestamp': '2023-05-12 09:57:06'}",,['https://loveisbitcoin.com/from-a-small-bitcoin-meetup-to-indonesias-largest-conference-with-dea-rezkitha-heartbit-001/'],,[]
what do you think about Muun Wallet?,discussion,133868,"{'sats': '11 sats', 'boost': None, 'comments': '4 comments', 'author': 'based58', 'tag': 'bitcoin', 'timestamp': '2023-02-09 19:27:24'}",,['https://darthcoin.substack.com/p/lightning-wallets-comparison'],50 sats,"[133871, 133944, 134384, 134023]"
U.S. adds virtual currency mixer Blender to sanctions list over North Korea's cyber activities,link,25907,"{'sats': '20 sats', 'boost': None, 'comments': '3 comments', 'author': 'CypherPoet', 'tag': 'bitcoin', 'timestamp': '2022-05-06 13:13:12'}",,"['https://www.reuters.com/business/us-adds-virtual-currency-mixer-sanctions-list-over-north-koreas-cyber-activities-2022-05-06/', 'https://home.treasury.gov/policy-issues/financial-sanctions/recent-actions/20220506', 'https://www.coindesk.com/policy/2022/05/06/us-treasury-department-sanctions-crypto-mixing-service']",0 sats,"[25916, 25912, 25913]"
Santa rally for Bitcoin?,discussion,109849,"{'sats': None, 'boost': None, 'comments': '2 comments', 'author': 'cryotosensei', 'tag': 'bitcoin', 'timestamp': '2022-12-21 05:40:26'}",,[],0 sats,"[110013, 109860]"
Phoenix > Muun?,discussion,92686,"{'sats': '113 sats', 'boost': None, 'comments': '6 comments', 'author': 'satcat', 'tag': 'bitcoin', 'timestamp': '2022-11-11 17:54:24'}",,[],672 sats,"[92689, 92722, 92742, 92694, 92779, 92761]"
"Bitcoin can’t 🛑, won’t stop 🛑",link,171151,"{'sats': '0 sats', 'boost': None, 'comments': '0 comments', 'author': 'BitcoinIsTheFuture', 'tag': 'bitcoin', 'timestamp': '2023-04-28 17:21:29'}",,['https://twitter.com/bitcoinmagazine/status/1651994091327041552'],,[]
Test bitcoin script,link,182205,"{'sats': '10 sats', 'boost': None, 'comments': '0 comments', 'author': 'pietro1861', 'tag': 'bitcoin', 'timestamp': '2023-05-22 13:12:44'}",,['https://github.com/BlockchainCommons/Learning-Bitcoin-from-the-Command-Line/blob/master/09_3_Testing_a_Bitcoin_Script.md'],,[]
Time to Update BTCPay Server!,discussion,136918,"{'sats': '18 sats', 'boost': None, 'comments': '0 comments', 'author': 'ealvar13', 'tag': 'bitcoin', 'timestamp': '2023-02-15 14:51:09'}",,['https://blog.btcpayserver.org/btcpay-server-cve-2022-32984/'],,[]
опция ,discussion,116464,"{'sats': '0 sats', 'boost': None, 'comments': '0 comments', 'author': 'selfish', 'tag': 'bitcoin', 'timestamp': '2023-01-02 21:46:46'}",,[],,[]
Vitalik dumps shitcoins before Fed confirms inflation not peaked,link,149298,"{'sats': '0 sats', 'boost': None, 'comments': '0 comments', 'author': 'rujgev', 'tag': 'bitcoin', 'timestamp': '2023-03-08 11:58:55'}",,['https://protos.com/vitalik-dumps-shitcoins-before-fed-confirms-inflation-not-peaked/'],,[]
NYDIG Ross Steven's Bitcoin Lightning Accelerator - EP 563 | Simply Bitcoin 📺,link,64262,"{'sats': '81 sats', 'boost': None, 'comments': '1 comment', 'author': 'cryptocoin', 'tag': 'bitcoin', 'timestamp': '2022-08-29 17:35:31'}",,"['https://www.youtube.com/watch?v=HEOJHh3NzeY', 'https://simplybitcoin.tv/', 'https://twitter.com/SimplyBitcoinTV', 'https://twitter.com/BITVOLT7', 'https://twitter.com/My_Livin_Truth', 'https://anchor.fm/simplybitcointv/', 'https://open.spotify.com/show/0lKjm6CqM8WPQbSN5Z4vfJ', 'https://podcasts.apple.com/us/podcast/simply-bitcoin/id1596756460', 'https://bitcointv.com/videos/watch/3c7e891e-c2d1-4ef3-abea-f1614d6a3c2c', 'https://bitcointv.com/c/simply_bitcoin', 'https://bitcointv.com/a/bitvolt']",0 sats,[64271]
@bitcoin_maranhao's bio,discussion,157766,"{'sats': '50 sats', 'boost': None, 'comments': '5 comments', 'author': 'bitcoin', 'tag': 'bitcoin', 'timestamp': '2023-03-27 23:09:35'}",,[],0 sats,"[218048, 157939, 157840, 157776, 157768]"
@lada's bio,discussion,22147,"{'sats': '0 sats', 'boost': None, 'comments': '2 comments', 'author': 'lada', 'tag': 'bitcoin', 'timestamp': '2022-04-22 20:57:53'}",,[],0 sats,"[113273, 22195]"
"Meme Monday - Best Bitcoin Meme Gets 10,000 Sats",bounty,144655,"{'sats': '1074 sats', 'boost': None, 'comments': '44 comments', 'author': 'sn', 'tag': 'bitcoin', 'timestamp': '2023-02-27 13:30:48'}",,[],21.6k sats,"[144679, 144735, 144875, 144745, 144897, 144704, 144873, 144702, 144858, 144749, 144662, 144705, 144666, 144688, 144670, 144726, 144737, 144753, 144722, 144800, 144883, 144960, 144857, 144856, 144808, 144665, 144697, 144787, 144765, 144799, 144852, 144841, 144998, 144689, 144756, 144686, 144724, 144691, 144719, 144669, 144757, 144742, 144961, 144999]"
Good weekly Bitcoin news roundup?,discussion,162216,"{'sats': '0 sats', 'boost': None, 'comments': '4 comments', 'author': 'n3po', 'tag': 'bitcoin', 'timestamp': '2023-04-08 13:08:20'}",,"['/FanisMichalakis', 'https://stacker.news/items/162164', 'https://www.stacksats.how/newsletter?utm_source=convertkit&utm_medium=email&utm_campaign=Stack+Sats+%2331%20-%2010483387']",40 sats,"[162218, 162219, 162250, 162254]"
@h3zjp's bio,discussion,161135,"{'sats': '68 sats', 'boost': None, 'comments': '5 comments', 'author': 'h3zjp', 'tag': 'bitcoin', 'timestamp': '2023-04-05 15:15:56'}",,"['https://h3z.jp/', 'https://conoha-nostr.h3z.jp/', 'https://nostr.directory/p/npub1zpq2gsz25wsgun2e4gtks9p63j7fvyfd46weyjzp5tv6yys89zcsjdflcv', 'https://nosta.me/1040a4404aa3a08e4d59aa1768143a8cbc96112dae9d924841a2d9a2120728b1', 'https://badges.page/p/1040a4404aa3a08e4d59aa1768143a8cbc96112dae9d924841a2d9a2120728b1', 'https://notabot.net/profile/1040a4404aa3a08e4d59aa1768143a8cbc96112dae9d924841a2d9a2120728b1']",0 sats,"[217976, 161597, 161523, 161225, 161179]"
Those your significant others Know how much Bitcoin you have?,discussion,135309,"{'sats': '0 sats', 'boost': None, 'comments': '1 comment', 'author': 'ugochukwubreakthrough1', 'tag': 'bitcoin', 'timestamp': '2023-02-12 17:39:45'}",,[],0 sats,[135325]
@grayruby's bio,discussion,88988,"{'sats': '178 sats', 'boost': None, 'comments': '3 comments', 'author': 'grayruby', 'tag': 'bitcoin', 'timestamp': '2022-11-03 16:56:16'}",,[],135 sats,"[89003, 89994, 111854]"
"🗺 The smallest possible circles containing 25%, 50% and 75% of the world's population",discussion,37550,"{'sats': '0 sats', 'boost': None, 'comments': '1 comment', 'author': 'cointastical', 'tag': 'bitcoin', 'timestamp': '2022-06-20 10:25:38'}",,"['https://i.postimg.cc/fbpJ4mqV/h6ul7l2co8591.png', 'https://www.reddit.com/r/dataisbeautiful/comments/vaszmp', 'https://www.reddit.com/r/dataisbeautiful/comments/vc77av']",0 sats,[37551]
"Stacks trending, what are your thoughts?",discussion,142811,"{'sats': '210 sats', 'boost': None, 'comments': '10 comments', 'author': 'Oxjogir', 'tag': 'bitcoin', 'timestamp': '2023-02-24 01:41:29'}",,"['https://gamma.io/ordinals', 'https://ordinalsbot.com/', 'https://www.xverse.app/']",0 sats,"[142818, 142831, 143353, 143356, 143361, 143365, 142830, 143355, 142869, 142860]"
What do you think about these .sats domains?,discussion,186599,"{'sats': '5 sats', 'boost': None, 'comments': '2 comments', 'author': '03374a589e', 'tag': 'bitcoin', 'timestamp': '2023-06-01 02:20:19'}",,[],108 sats,"[186601, 186634]"
“Dose monkey”,discussion,114766,"{'sats': '0 sats', 'boost': None, 'comments': '1 comment', 'author': 'av', 'tag': 'bitcoin', 'timestamp': '2022-12-29 18:48:07'}",,[],0 sats,[114786]
"What will hyperbitcoinization look like?  Like this, but in reverse",discussion,124993,"{'sats': '165 sats', 'boost': None, 'comments': '2 comments', 'author': 'cryptocoin', 'tag': 'bitcoin', 'timestamp': '2023-01-21 07:06:34'}",,"['https://twitter.com/Chris_Mischler/status/1616534090227875849', 'https://nitter.at/Chris_Mischler/status/1616534090227875849']",51 sats,"[125000, 125105]"
What apps do you like to see on the Umbrel Community App Store,discussion,88409,"{'sats': '277 sats', 'boost': None, 'comments': '5 comments', 'author': '02c142fbe9', 'tag': 'bitcoin', 'timestamp': '2022-11-02 05:11:28'}",,"['https://github.com/getumbrel/umbrel-community-app-store', 'https://bisq-network.github.io/slate/#introduction', 'https://hodlhodl.com/api/docs', 'https://yadio.io/market.html']",36 sats,"[88420, 88482, 88425, 88478, 198229]"
A Poem About Bitcoin Innovation.,discussion,178033,"{'sats': '10 sats', 'boost': None, 'comments': '1 comment', 'author': 'scottathan', 'tag': 'bitcoin', 'timestamp': '2023-05-13 15:26:59'}",,[],0 sats,[178035]
what do you think about Muun Wallet?,discussion,133868,"{'sats': '11 sats', 'boost': None, 'comments': '4 comments', 'author': 'based58', 'tag': 'bitcoin', 'timestamp': '2023-02-09 19:27:24'}",,['https://darthcoin.substack.com/p/lightning-wallets-comparison'],50 sats,"[133871, 133944, 134384, 134023]"
Santa rally for Bitcoin?,discussion,109849,"{'sats': None, 'boost': None, 'comments': '2 comments', 'author': 'cryotosensei', 'tag': 'bitcoin', 'timestamp': '2022-12-21 05:40:26'}",,[],0 sats,"[110013, 109860]"
Phoenix > Muun?,discussion,92686,"{'sats': '113 sats', 'boost': None, 'comments': '6 comments', 'author': 'satcat', 'tag': 'bitcoin', 'timestamp': '2022-11-11 17:54:24'}",,[],672 sats,"[92689, 92722, 92742, 92694, 92779, 92761]"
Time to Update BTCPay Server!,discussion,136918,"{'sats': '18 sats', 'boost': None, 'comments': '0 comments', 'author': 'ealvar13', 'tag': 'bitcoin', 'timestamp': '2023-02-15 14:51:09'}",,['https://blog.btcpayserver.org/btcpay-server-cve-2022-32984/'],,[]
опция ,discussion,116464,"{'sats': '0 sats', 'boost': None, 'comments': '0 comments', 'author': 'selfish', 'tag': 'bitcoin', 'timestamp': '2023-01-02 21:46:46'}",,[],,[]
@bitcoin_maranhao's bio,discussion,157766,"{'sats': '50 sats', 'boost': None, 'comments': '5 comments', 'author': 'bitcoin', 'tag': 'bitcoin', 'timestamp': '2023-03-27 23:09:35'}",,[],0 sats,"[218048, 157939, 157840, 157776, 157768]"
